Instance,SIB Ratio,SIB+Pivot Ratio,No.Pivot
805,0.6971428571428572,0.6371428571428571,143
